,City,Cloudiness,Country,Date,Humidity,Lat,Lng,Max Temp,Wind Speed
0,mahebourg,40,MU,1551158642,79,-20.41,57.7,84.99,11.41
1,nayoro,90,JP,1551154980,74,44.36,142.46,30.2,8.05
2,thomaston,1,US,1551158809,65,32.89,-84.33,48.99,2.37
3,albany,75,US,1551158823,58,42.65,-73.75,26.01,23.04
4,bani,64,PH,1551158905,69,15.89,120.27,82.41,5.17
5,kapaa,75,US,1551158894,60,22.08,-159.32,71.6,14.99
6,new norfolk,40,AU,1551158895,48,-42.78,147.06,68.0,17.22
7,ribeira grande,36,PT,1551158906,100,38.52,-28.7,56.27,30.11
8,puerto ayora,76,EC,1551158906,100,-0.74,-90.35,77.91,3.71
9,paamiut,24,GL,1551158906,100,61.99,-49.67,26.34,11.99
10,tiksi,64,RU,1551158906,67,71.64,128.87,-1.52,3.71
11,ushuaia,40,AR,1551157200,81,-54.81,-68.31,46.4,39.15
12,saint-philippe,1,CA,1551158905,60,45.36,-73.48,14.0,20.8
13,bluff,12,AU,1551158708,30,-23.58,149.07,90.92,11.43
14,san luis,0,AR,1551158666,45,-33.3,-66.34,57.66,12.88
15,yellowknife,75,CA,1551158613,77,62.45,-114.38,-2.01,6.93
16,arraial do cabo,56,BR,1551158907,92,-22.97,-42.02,77.46,4.38
17,itarema,68,BR,1551158907,97,-2.92,-39.92,76.88,4.38
18,lebu,0,ET,1551158709,46,8.96,38.73,61.62,4.27
19,sadove,64,UA,1551158908,94,49.7,33.25,30.66,11.77
20,el dorado,48,VE,1551158908,65,6.71,-61.64,73.55,3.38
21,waipawa,0,NZ,1551158908,64,-39.94,176.59,64.55,3.94
22,pisco,0,PE,1551157200,73,-13.71,-76.2,75.2,4.7
23,butaritari,80,KI,1551158764,100,3.07,172.79,82.95,16.8
24,klaksvik,12,FO,1551156600,81,62.23,-6.59,46.4,16.11
25,mount gambier,0,AU,1551153600,47,-37.83,140.78,78.8,19.46
26,bestobe,56,KZ,1551158908,86,52.5,73.1,13.43,4.72
27,sangar,68,RU,1551158909,56,63.92,127.47,-6.29,9.19
28,punta arenas,20,CL,1551157398,76,-53.16,-70.91,50.0,14.99
29,atuona,0,PF,1551158909,100,-9.8,-139.03,81.29,7.52
30,nanortalik,12,GL,1551158909,97,60.14,-45.24,30.98,5.17
31,mizan teferi,0,ET,1551158909,75,6.99,35.58,69.09,3.04
32,castro,88,CL,1551157200,81,-42.48,-73.76,51.8,13.87
33,mnogovershinnyy,56,RU,1551158909,58,53.94,139.92,12.89,7.63
34,buchanan,20,LR,1551157200,94,5.88,-10.05,75.2,3.36
35,scarborough,0,GB,1551158882,79,54.28,-0.41,46.0,1.12
36,naze,75,NG,1551157200,94,5.43,7.07,69.8,6.93
37,upata,0,VE,1551157269,83,8.02,-62.41,73.99,1.99
38,clyde river,20,CA,1551157200,73,70.47,-68.59,-29.21,4.7
39,port alfred,36,ZA,1551158449,91,-33.59,26.89,69.01,8.99
40,sabzevar,0,IR,1551158910,70,36.21,57.68,40.11,2.71
41,mataura,76,NZ,1551158406,67,-46.19,168.86,63.0,8.01
42,bereda,0,ES,1551158642,93,43.27,-7.54,46.99,5.82
43,plesetsk,44,RU,1551158910,78,62.71,40.29,25.49,12.21
44,rikitea,92,PF,1551158596,100,-23.12,-134.97,80.16,13.67
45,lucapa,44,AO,1551158911,85,-8.42,20.74,70.26,3.83
46,le port,0,FR,1551158872,71,42.87,1.37,41.0,2.59
47,hami,0,CN,1551158971,62,42.84,93.51,40.29,5.39
48,sioux lookout,5,CA,1551157200,69,50.1,-91.92,-11.21,5.82
49,carnarvon,0,ZA,1551158971,36,-30.97,22.13,60.5,9.64
50,bredasdorp,88,ZA,1551158136,95,-34.53,20.04,64.99,4.0
51,naantali,8,FI,1551158806,79,60.45,22.03,37.4,6.93
52,chokurdakh,8,RU,1551158972,55,70.62,147.9,-32.21,2.93
53,kalangala,20,UG,1551157200,88,-0.32,32.29,69.8,4.7
54,borogontsy,64,RU,1551158972,57,62.67,131.17,-6.6,6.96
55,alofi,92,NU,1551153600,83,-19.06,-169.92,82.4,16.11
56,cape town,75,ZA,1551158466,100,-33.93,18.42,70.0,10.29
57,ust-tarka,56,RU,1551158972,93,55.56,75.71,11.67,9.42
58,swan hill,0,AU,1551158972,27,-35.34,143.56,92.76,4.83
59,save,48,BJ,1551158972,96,8.04,2.49,74.45,4.72
60,sarangani,0,PH,1551158972,97,5.4,125.46,80.34,10.2
61,husavik,0,CA,1551158673,75,50.56,-96.99,-10.0,3.38
62,victoria,75,BN,1551157200,74,5.28,115.24,87.8,9.17
63,dayong,0,PH,1551158973,97,11.74,122.04,79.49,17.02
64,skjervoy,88,NO,1551158973,100,70.03,20.97,35.12,20.83
65,faanui,36,PF,1551158973,100,-16.48,-151.75,83.72,4.61
66,muscat,0,OM,1551156600,40,23.6,58.55,73.4,11.41
67,tarauaca,68,BR,1551158973,92,-8.16,-70.77,74.63,3.71
68,vaini,0,IN,1551157200,26,15.34,74.49,84.2,5.82
69,muroto,20,JP,1551153600,20,33.37,134.14,62.6,14.99
70,georgetown,40,GY,1551157200,94,6.8,-58.16,73.4,6.93
71,kununurra,40,AU,1551157200,47,-15.77,128.74,95.0,4.7
72,burnie,0,AU,1551158950,32,-41.05,145.91,75.99,20.0
73,kodiak,90,US,1551158967,67,39.95,-94.76,26.01,10.29
74,upernavik,36,GL,1551158974,100,72.79,-56.15,0.56,7.07
75,hithadhoo,56,MV,1551158974,100,-0.6,73.08,79.89,11.54
76,leningradskiy,92,RU,1551158974,89,69.38,178.42,-3.59,9.19
77,kurilsk,56,RU,1551158975,100,45.23,147.88,24.23,7.96
78,avarua,8,CK,1551157200,74,-21.21,-159.78,78.8,4.7
79,chimbote,20,PE,1551158975,92,-9.08,-78.59,69.95,3.71
80,dikson,36,RU,1551158975,89,73.51,80.55,7.04,16.35
81,sitka,24,US,1551158975,60,37.17,-99.65,42.9,11.21
82,namibe,36,AO,1551158975,100,-15.19,12.15,74.9,7.29
83,san cristobal,75,EC,1551158190,100,-0.39,-78.55,55.4,3.36
84,san ramon,36,NI,1551158710,87,12.92,-85.84,64.0,5.99
85,ilulissat,76,GL,1551156600,85,69.22,-51.1,10.4,5.82
86,cabo san lucas,5,MX,1551158227,63,22.89,-109.91,64.99,6.17
87,khatanga,56,RU,1551158712,50,71.98,102.47,-9.75,7.4
88,hovd,90,NO,1551158964,81,63.83,10.7,44.6,10.29
89,jamestown,0,AU,1551158524,19,-33.21,138.6,89.48,11.43
90,swedru,44,GH,1551158976,95,6.83,-1.6,72.42,7.52
91,rjukan,48,NO,1551158886,57,59.88,8.59,36.0,11.99
92,esperance,20,TT,1551159008,94,10.24,-61.45,73.4,3.36
93,ponta do sol,8,BR,1551158709,94,-20.63,-46.0,64.14,2.15
94,hilo,75,US,1551158663,64,19.71,-155.08,73.4,6.93
95,vanimo,8,PG,1551159037,100,-2.67,141.3,82.64,6.17
96,lagoa,0,PT,1551158833,76,37.14,-8.45,55.0,10.29
97,mar del plata,76,AR,1551158713,89,-46.43,-67.52,48.39,5.73
98,sobolevo,92,RU,1551159037,92,54.43,31.9,32.19,14.0
99,hobart,40,AU,1551158654,48,-42.88,147.33,64.99,17.22
100,kavieng,24,PG,1551159037,100,-2.57,150.8,83.27,7.18
101,el grullo,0,MX,1551159037,90,19.8,-104.22,57.21,1.92
102,san policarpo,0,PH,1551159037,85,12.18,125.51,79.62,9.19
103,chino valley,1,US,1551159031,80,34.76,-112.45,41.0,8.05
104,sangin,0,AF,1551159037,91,32.07,64.85,45.15,1.7
105,tagusao,0,PH,1551159038,63,9.19,117.81,86.15,9.64
106,koslan,92,RU,1551159038,79,63.46,48.9,25.85,10.42
107,rawson,0,AR,1551159038,85,-43.3,-65.11,40.97,4.38
108,kahului,40,US,1551158768,60,20.89,-156.47,75.2,9.17
109,cavalcante,76,BR,1551159038,95,-13.79,-47.46,68.6,2.93
110,qaanaaq,0,GL,1551159038,92,77.48,-69.36,-16.46,5.17
111,saskylakh,12,RU,1551159038,73,71.97,114.09,-17.36,3.15
112,galesong,40,ID,1551157200,66,-5.32,119.37,89.6,5.82
113,hanna,36,CA,1551158645,78,51.64,-111.93,-24.0,1.99
114,east london,0,ZA,1551157200,88,-33.02,27.91,71.6,12.75
115,noyabrsk,80,RU,1551158828,93,63.2,75.45,21.21,18.48
116,kotelnich,92,RU,1551159039,93,58.31,48.34,24.05,7.74
117,eyl,88,SO,1551159039,93,7.98,49.82,77.19,14.34
118,nikolskoye,75,RU,1551159034,86,59.7,30.79,34.0,11.18
119,barrow,64,AR,1551159039,73,-38.31,-60.23,49.88,11.77
120,tuktoyaktuk,20,CA,1551157200,84,69.44,-133.03,5.0,4.7
121,westport,44,IE,1551158891,91,53.8,-9.52,46.99,15.99
122,bom jesus,32,BR,1551159040,95,-9.08,-44.36,67.74,2.93
123,padang,20,ID,1551159040,100,-0.92,100.36,85.07,2.82
124,pevek,76,RU,1551159040,93,69.7,170.27,-7.91,5.39
125,mineiros,48,BR,1551159025,96,-17.57,-52.55,67.74,4.94
126,kaligutan,20,PH,1551157200,48,7.7,125.81,87.8,10.29
127,tommot,80,RU,1551159041,78,58.97,126.27,22.11,6.4
128,port elizabeth,1,US,1551158694,34,39.31,-74.98,36.0,17.22
129,torbay,90,CA,1551159040,86,47.66,-52.73,30.99,16.11
130,lorengau,32,PG,1551159041,98,-2.02,147.27,83.4,6.29
131,loudeac,0,FR,1551159039,80,48.18,-2.75,41.0,6.93
132,prince rupert,1,CA,1551157200,42,54.32,-130.32,30.2,6.93
133,mackay,5,CA,1551157200,64,53.65,-115.58,-4.01,6.93
134,tasiilaq,92,GL,1551156600,92,65.61,-37.64,28.4,5.82
135,norman wells,20,CA,1551157200,92,65.28,-126.83,17.6,3.36
136,emerald,40,AU,1551158836,24,-23.53,148.16,93.2,17.22
137,codrington,92,AU,1551158914,42,-28.95,153.24,80.6,13.87
138,son tay,75,VN,1551157200,88,21.14,105.5,64.4,2.24
139,yoro,0,HN,1551159102,87,15.13,-87.13,54.65,2.15
140,cidreira,68,BR,1551159102,89,-30.17,-50.22,67.2,6.29
141,clarence town,0,AU,1551159063,47,-32.59,151.78,89.01,16.11
142,provideniya,90,RU,1551155400,91,64.42,-173.23,32.0,20.13
143,sao filipe,24,CV,1551159102,90,14.9,-24.5,71.75,15.68
144,aranos,64,NA,1551159103,19,-24.14,19.11,78.09,14.56
145,caravelas,12,BR,1551159103,100,-17.73,-39.27,83.45,18.03
146,umm kaddadah,68,SD,1551159103,33,13.6,26.69,74.45,2.93
147,dunedin,12,NZ,1551158717,73,-45.87,170.5,64.99,7.0
148,chuy,0,UY,1551159103,98,-33.69,-53.46,54.06,9.64
149,dondo,20,MZ,1551157200,78,-19.62,34.74,80.6,3.83
150,saldanha,0,PT,1551159103,77,41.42,-6.55,31.2,3.15
151,nhulunbuy,75,AU,1551157200,88,-12.18,136.78,78.8,13.87
152,chalus,75,IR,1551157200,81,36.66,51.42,46.4,3.15
153,tuatapere,88,NZ,1551159007,67,-46.13,167.69,63.0,5.01
154,hermanus,100,ZA,1551159029,95,-34.42,19.24,66.0,4.0
155,vila franca do campo,20,PT,1551159074,71,37.72,-25.43,55.0,25.28
156,monrovia,20,LR,1551157200,94,6.33,-10.8,75.2,3.36
157,broome,0,GB,1551159078,80,52.47,1.45,39.2,4.7
158,tamandare,68,BR,1551159104,92,-8.28,-70.75,74.63,3.71
159,busselton,12,AU,1551158406,17,-33.64,115.35,96.01,9.19
160,tura,0,IN,1551159105,64,25.52,90.21,74.09,3.71
161,severo-kurilsk,56,RU,1551159105,100,50.68,156.12,22.11,15.01
162,sao joao da barra,88,BR,1551159105,94,-21.64,-41.05,83.72,21.05
163,slave lake,40,CA,1551157200,75,55.28,-114.77,-13.01,2.24
164,harrisonburg,1,US,1551158908,63,38.45,-78.87,39.0,5.17
165,buena vista,1,US,1551159052,50,38.84,-106.13,37.4,9.17
166,narsaq,32,GL,1551156600,31,60.91,-46.05,35.6,13.87
167,kayerkan,80,RU,1551158942,86,69.35,87.76,15.54,33.8
168,bethel,90,US,1551156960,74,60.79,-161.76,37.4,17.22
169,ponta delgada,20,PT,1551159074,71,37.73,-25.67,55.0,25.28
170,saint augustine,20,TT,1551159054,94,10.65,-61.4,73.4,3.36
171,caraballeda,100,VE,1551159021,84,10.61,-66.85,66.99,14.45
172,mezen,56,RU,1551159108,72,65.85,44.24,20.4,7.4
173,visby,0,SE,1551159036,83,57.64,18.3,41.0,12.75
174,mayo,20,CA,1551157200,83,63.59,-135.9,-9.41,2.93
175,pala,20,IN,1551159029,60,9.71,76.68,85.79,2.59
176,taoudenni,0,ML,1551159108,34,22.68,-3.98,48.84,14.34
177,bambous virieux,40,MU,1551158943,79,-20.34,57.76,84.99,11.41
178,te anau,92,NZ,1551159109,54,-45.41,167.72,58.74,12.66
179,kaitangata,36,NZ,1551158712,49,-46.28,169.85,68.78,14.79
180,srednekolymsk,32,RU,1551159169,75,67.46,153.71,-17.45,3.6
181,suntar,76,RU,1551159169,50,62.16,117.65,20.4,11.43
182,pa sang,0,TH,1551159008,35,18.53,98.94,93.0,6.93
183,moose factory,1,CA,1551157200,68,51.26,-80.61,-14.81,6.93
184,ixtapa,5,MX,1551159019,100,20.71,-105.21,70.0,1.59
185,challakere,0,IN,1551159169,38,14.31,76.65,87.36,6.4
186,cherskiy,36,RU,1551158566,76,68.75,161.3,-17.72,2.71
187,aripuana,100,BR,1551159170,95,-9.17,-60.63,74.76,2.15
188,rapina,76,EE,1551159076,89,58.1,27.46,33.8,8.05
189,luderitz,0,NA,1551158708,71,-26.65,15.16,63.65,13.0
190,brae,32,GB,1551158400,76,60.4,-1.35,50.0,19.46
191,zelenoborskiy,24,RU,1551159170,77,66.84,32.36,18.96,4.94
192,bartica,40,GY,1551157200,94,6.41,-58.62,73.4,6.93
193,seoul,0,KR,1551157200,23,37.57,126.98,50.0,5.82
194,magadan,48,RU,1551159170,100,59.56,150.8,8.03,13.78
195,isangel,64,VU,1551159170,100,-19.55,169.27,79.67,1.36
196,japura,92,ID,1551159171,88,-0.42,102.29,79.8,0.69
197,kailua,90,US,1551159081,82,21.39,-157.74,73.4,12.75
198,portland,90,US,1551158738,85,45.52,-122.67,33.01,14.99
199,tupik,24,RU,1551159171,50,54.43,119.94,33.27,4.61
200,marawi,24,PH,1551159074,70,8.0,124.29,81.0,7.0
201,bani walid,12,LY,1551159171,82,31.76,14.0,38.76,7.07
202,vao,76,EE,1551159171,93,59.1,26.19,33.23,10.2
203,kipushi,8,CD,1551159172,94,-11.76,27.24,68.37,4.27
204,hofn,92,IS,1551159172,99,64.25,-15.21,41.33,52.25
205,tome,20,JP,1551154500,29,38.69,141.2,50.0,9.17
206,kyzyl-suu,0,KG,1551158907,84,42.34,78.0,17.01,1.99
207,saint-francois,0,FR,1551159086,92,46.42,3.91,28.4,2.24
208,kimbe,64,PG,1551159172,99,-5.56,150.15,82.73,5.39
209,havant,0,GB,1551159151,92,50.85,-0.98,42.01,2.24
210,cape canaveral,1,US,1551159126,77,28.41,-80.6,69.8,9.17
211,katsuura,20,JP,1551157940,46,33.93,134.5,55.0,16.11
212,coahuayana,0,MX,1551159173,72,18.62,-100.35,61.4,3.71
213,gobabis,48,NA,1551159173,31,-22.45,18.97,76.56,7.18
214,longyearbyen,40,NO,1551153000,58,78.22,15.63,-4.01,2.24
215,elliot lake,1,CA,1551157200,84,46.37,-82.65,3.2,8.05
216,broken hill,12,AU,1551153600,13,-31.97,141.45,91.4,5.82
217,coihaique,0,CL,1551157200,87,-45.58,-72.07,44.6,2.24
218,rocha,0,UY,1551159173,71,-34.48,-54.34,47.99,7.74
219,san ignacio,0,CL,1551158477,62,-36.8,-72.03,55.4,9.17
220,fairbanks,1,US,1551158406,84,64.84,-147.72,14.0,0.36
221,nemuro,75,JP,1551153600,100,43.32,145.57,32.0,8.05
222,nome,90,US,1551159208,81,30.04,-94.42,55.99,6.93
223,pechory,88,EE,1551153600,91,57.81,27.61,33.8,11.18
224,kharabali,80,RU,1551159234,90,47.41,47.25,30.53,15.46
225,daru,0,SL,1551159234,89,7.99,-10.85,70.4,3.71
226,geraldton,5,CA,1551157200,63,49.72,-86.95,-11.21,6.93
227,bilibino,76,RU,1551159234,75,68.06,166.44,-12.77,2.37
228,souillac,0,FR,1551159190,93,45.6,-0.6,44.6,3.36
229,adre,68,TD,1551159235,85,13.47,22.2,69.72,4.16
230,bafoulabe,0,ML,1551159235,33,13.81,-10.83,62.3,11.65
231,chapais,90,CA,1551158040,69,49.78,-74.86,-11.21,14.99
232,tautira,75,PF,1551159192,74,-17.73,-149.15,84.2,6.93
233,lavrentiya,88,RU,1551159235,94,65.58,-170.99,32.87,23.17
234,nyrob,88,RU,1551159235,87,60.74,56.73,17.93,11.99
235,ahipara,48,NZ,1551159235,69,-35.17,173.16,70.8,11.99
236,ola,36,RU,1551159236,100,59.58,151.3,6.9,9.75
237,havre-saint-pierre,90,CA,1551158160,85,50.23,-63.6,15.8,10.29
238,salalah,0,OM,1551156600,32,17.01,54.1,84.2,13.87
239,cocorit,24,MX,1551159236,73,27.57,-109.96,48.3,2.37
240,port-gentil,40,GA,1551157200,94,-0.72,8.78,78.8,3.36
241,manzhouli,0,CN,1551159236,33,49.6,117.43,39.21,10.98
242,lata,76,IN,1551159236,89,30.78,78.62,39.35,1.48
243,urucara,32,BR,1551159237,97,-2.54,-57.76,71.84,2.15
244,vondrozo,76,MG,1551159237,98,-22.82,47.32,75.84,4.61
245,kamenka,80,RU,1551158215,92,53.19,44.05,33.01,4.38
246,awjilah,0,LY,1551159237,81,29.14,21.3,42.59,6.29
247,vostok,0,RU,1551159237,51,46.45,135.83,21.3,5.84
248,musoma,0,TZ,1551159237,85,-1.5,33.81,72.92,8.63
249,labelle,90,US,1551159088,88,26.76,-81.44,70.0,6.93
250,port hardy,5,CA,1551157200,40,50.7,-127.42,33.8,12.75
251,pangnirtung,32,CA,1551159238,76,66.15,-65.72,-17.81,5.17
252,aljustrel,0,PT,1551159099,87,37.88,-8.16,51.01,9.17
253,awbari,0,LY,1551159238,84,26.59,12.77,36.29,3.94
254,veraval,0,FR,1551159210,80,49.65,0.71,42.8,2.24
255,podgornoye,80,RU,1551159238,75,57.79,82.64,15.09,7.96
256,nyurba,68,RU,1551159238,55,63.29,118.35,20.04,11.21
257,mazatlan,20,MX,1551158141,77,23.22,-106.42,66.99,1.81
258,kupino,8,RU,1551159238,93,54.36,77.31,11.85,8.52
259,bridlington,0,GB,1551159182,70,54.08,-0.19,46.0,6.93
260,caraguatatuba,32,BR,1551159239,100,-23.62,-45.41,66.8,1.48
261,lompoc,1,US,1551159219,93,34.64,-120.46,50.0,3.83
262,baisha,48,CN,1551159239,70,19.23,109.45,80.12,2.93
263,rio claro,36,BR,1551159239,98,-22.41,-47.56,66.08,2.48
264,ancud,8,CL,1551157200,81,-41.87,-73.83,51.8,13.87
265,el tambo,100,EC,1551159024,87,-2.51,-78.93,80.01,6.93
266,savannakhet,40,TH,1551157200,55,16.57,104.76,87.8,2.24
267,mareeba,40,AU,1551159201,55,-16.99,145.42,86.0,20.8
268,bathsheba,20,BB,1551157200,78,13.22,-59.52,77.0,18.34
269,tateyama,20,JP,1551159107,84,36.66,137.31,53.01,5.82
270,lokosovo,88,RU,1551159300,85,61.13,74.84,22.47,12.21
271,hay river,75,CA,1551157200,78,60.82,-115.79,10.4,6.93
272,bintulu,75,MY,1551157200,74,3.17,113.03,86.0,11.41
273,skaelskor,90,DK,1551159252,100,55.25,11.29,41.0,8.05
274,esfarayen,36,IR,1551157200,74,37.08,57.51,33.8,4.7
275,cap malheureux,40,MU,1551159245,79,-19.98,57.61,84.99,11.41
276,ouango,12,CD,1551159301,95,4.31,22.55,74.54,3.27
277,sinnamary,92,GF,1551159301,100,5.38,-52.96,77.01,13.78
278,port blair,0,IN,1551159301,100,11.67,92.75,83.04,9.86
279,smolenka,0,PL,1551159094,94,54.15,22.76,34.0,13.33
280,uthal,0,PK,1551159302,64,25.81,66.62,70.49,4.16
281,iqaluit,75,CA,1551159173,76,63.75,-68.52,-9.41,2.59
282,mabaruma,88,GY,1551159303,89,8.2,-59.78,75.62,6.96
283,northam,0,GB,1551159088,70,51.04,-4.21,48.0,9.17
284,tessalit,0,ML,1551159303,49,20.2,1.01,44.57,11.77
285,villarrubia de los ojos,0,ES,1551159303,86,39.22,-3.61,29.22,6.4
286,adrar,0,DZ,1551159303,62,27.87,-0.29,39.17,9.75
287,oktyabrskoye,20,RU,1551159022,72,56.73,85.44,24.01,17.9
288,adamas,75,GR,1551158400,87,36.73,24.43,48.2,34.45
289,constitucion,0,MX,1551159304,59,23.99,-104.67,42.36,4.61
290,glenwood springs,1,US,1551159256,85,39.55,-107.33,27.0,17.22
291,roald,75,NO,1551159105,70,62.58,6.12,46.0,11.41
292,lieksa,32,FI,1551159304,86,63.32,30.02,27.92,6.4
293,mattru,76,SL,1551159304,95,7.62,-11.83,73.5,2.71
294,pont-sainte-maxence,0,FR,1551159042,70,49.3,2.6,44.01,4.7
295,jinka,0,ET,1551159304,59,5.79,36.57,73.1,2.37
296,tezu,80,IN,1551159305,100,27.93,96.16,50.42,1.81
297,daokou,88,CN,1551159305,80,35.61,105.12,33.09,6.29
298,namatanai,44,PG,1551159305,100,-3.66,152.44,81.92,8.19
299,labuan,75,BN,1551157200,74,5.28,115.24,87.8,9.17
300,greiz,32,DE,1551159242,92,50.66,12.2,39.0,2.24
301,hienghene,80,NC,1551159305,100,-20.68,164.93,76.7,25.86
302,menongue,92,AO,1551159305,60,-14.66,17.68,73.64,2.59
303,borsa,80,RO,1551159305,85,47.66,24.66,18.42,1.36
304,grand-santi,0,GF,1551159305,88,4.27,-54.38,73.32,3.04
305,itoman,75,JP,1551159196,68,26.12,127.67,73.4,4.7
306,sidhi,0,IN,1551159306,71,24.41,81.88,74.45,6.62
307,rosarito,40,CO,1551157200,88,4.91,-75.23,69.8,3.36
308,hasaki,75,JP,1551159276,53,35.73,140.83,54.0,12.75
309,college,1,US,1551159031,84,64.86,-147.8,15.01,0.36
310,presidencia roque saenz pena,68,AR,1551159306,78,-26.79,-60.44,69.68,13.78
311,mount isa,75,AU,1551157200,38,-20.73,139.49,89.6,5.82
312,tarko-sale,92,RU,1551159254,83,64.92,77.78,21.99,3.0
313,okha,56,RU,1551159367,93,53.59,142.95,11.72,13.33
314,santa cruz de la palma,8,ES,1551159129,63,28.68,-17.76,60.8,3.36
315,nabire,76,ID,1551159367,96,-3.36,135.5,74.94,2.59
316,oistins,20,BB,1551157200,78,13.07,-59.53,77.0,18.34
317,aleksandrov gay,92,RU,1551159367,96,50.14,48.57,25.26,8.41
318,alice springs,0,AU,1551157200,12,-23.7,133.88,96.8,13.87
319,bowen,90,AU,1551159296,58,-20.01,148.25,82.4,14.99
320,saint-pierre,0,FR,1551159125,87,48.95,4.24,39.2,8.05
321,zubova polyana,92,RU,1551159368,95,54.08,42.84,29.99,3.94
322,guerrero negro,0,MX,1551159368,99,27.97,-114.04,48.08,6.96
323,khonsa,76,IN,1551159368,80,26.99,95.51,61.13,2.37
324,ullapool,88,GB,1551159319,76,57.9,-5.16,52.0,4.0
325,bonthe,32,SL,1551159368,99,7.53,-12.5,76.07,4.38
326,matamoros,90,US,1551159331,94,25.87,-97.51,68.0,4.7
327,neiafu,75,TO,1551157200,83,-18.65,-173.98,82.4,12.75
328,berlevag,75,NO,1551158400,73,70.86,29.09,24.8,13.87
329,cumberland,1,US,1551159367,58,41.97,-71.43,28.4,18.34
330,kontagora,0,NG,1551159369,89,10.4,5.47,70.8,5.39
331,mwaro,36,BI,1551159369,92,-3.52,29.71,65.4,4.05
332,mizque,92,BO,1551159369,100,-17.94,-65.34,52.67,2.15
333,altea,0,ES,1551159335,100,38.6,-0.05,46.99,4.7
334,vieques,40,PR,1551159330,78,18.43,-65.83,77.0,16.11
335,lazaro cardenas,12,MX,1551159370,27,28.39,-105.62,50.33,8.41
336,belaya gora,0,RU,1551159370,43,68.54,146.19,-27.53,2.93
337,tabou,36,CI,1551159370,96,4.42,-7.36,82.77,12.66
338,lang son,92,VN,1551159278,96,21.83,106.73,63.96,3.6
339,salta,90,AR,1551157200,93,-24.79,-65.41,62.6,5.82
340,mehamn,75,NO,1551158400,73,71.03,27.85,28.4,13.87
341,shingu,20,JP,1551157200,44,33.72,135.99,57.2,20.8
342,talara,12,PE,1551159370,93,-4.58,-81.27,72.6,1.7
343,havoysund,75,NO,1551158400,86,71.0,24.66,33.8,26.4
344,north las vegas,1,US,1551159256,46,36.2,-115.11,51.01,11.41
345,virginia beach,20,US,1551159194,35,36.85,-75.98,46.4,6.93
346,tual,32,ID,1551159371,98,-5.67,132.75,86.33,3.27
347,fare,12,PF,1551159371,98,-16.7,-151.02,84.08,5.95
348,salinas,40,US,1551159357,76,36.67,-121.66,55.99,11.65
349,panguna,76,PG,1551159371,83,-6.32,155.48,80.84,3.15
350,anadyr,90,RU,1551159197,92,64.73,177.51,30.2,51.45
351,krasnoarmeysk,90,RU,1551157750,95,56.12,38.15,35.01,11.18
352,saint-augustin,0,FR,1551159369,93,44.83,-0.61,42.01,1.12
353,gweru,20,ZW,1551159372,90,-19.46,29.82,69.9,4.5
354,vardo,1,US,1551159360,26,39.62,-77.74,37.0,11.41
355,balvi,92,LV,1551159127,93,57.13,27.27,33.0,13.89
356,pokhara,92,NP,1551159372,94,28.21,83.99,45.38,2.59
357,hamilton,75,CA,1551159358,61,43.26,-79.87,21.99,13.87
358,nurota,12,UZ,1551155400,65,40.56,65.69,41.0,4.7
359,saint anthony,90,US,1551159135,74,43.97,-111.68,37.4,10.29
360,preobrazheniye,0,RU,1551159433,39,42.9,133.91,31.56,5.73
361,sawakin,68,SD,1551159433,90,19.1,37.33,73.55,2.93
362,sao desiderio,24,BR,1551159433,93,-12.36,-44.97,69.32,3.15
363,new albany,1,US,1551159387,75,38.29,-85.82,34.0,2.93
364,maceio,40,BR,1551157200,94,-9.67,-35.74,75.2,2.24
365,kieta,48,PG,1551159433,100,-6.22,155.63,80.7,3.15
366,fortuna,0,ES,1551159210,73,38.18,-1.13,46.0,4.7
367,chaman,0,AF,1551159434,70,30.92,66.46,43.26,3.83
368,mahibadhoo,88,MV,1551159434,100,3.78,72.97,82.41,13.78
369,grand gaube,40,MU,1551159245,79,-20.01,57.66,84.99,11.41
370,bugiri,0,UG,1551159434,86,0.57,33.75,70.62,3.94
371,senno,88,RU,1551153600,92,57.76,27.95,33.8,11.18
372,khabary,48,RU,1551159425,92,53.63,79.53,17.16,6.62
373,touros,75,BR,1551157200,94,-5.2,-35.46,77.0,5.82
374,omboue,88,GA,1551159435,100,-1.57,9.26,82.82,1.25
375,quesnel,0,CA,1551158432,68,52.98,-122.49,8.01,3.6
376,cockburn town,80,TC,1551159378,100,21.46,-71.14,76.43,19.48
377,batagay-alyta,48,RU,1551159435,79,67.8,130.41,-14.84,4.16
378,najran,0,SA,1551157200,52,17.54,44.22,66.2,6.93
379,kirkwall,0,GB,1551159359,71,58.98,-2.96,52.0,18.34
380,jinchang,0,CN,1551159435,91,38.52,102.19,28.05,3.94
381,walvis bay,90,NA,1551157349,88,-22.95,14.51,69.01,3.36
382,shaping,80,CN,1551159436,76,29.23,103.26,44.39,1.7
383,road town,90,VG,1551159432,69,18.42,-64.62,77.0,11.41
384,nueva helvecia,0,UY,1551159057,73,-34.28,-57.23,57.99,1.99
385,elizabeth city,1,US,1551159371,45,36.3,-76.22,48.2,8.75
386,komsomolets,80,RU,1551159436,94,52.77,41.29,30.84,8.19
387,airai,76,TL,1551159436,85,-8.93,125.41,77.33,0.36
388,rabaul,44,PG,1551159437,100,-4.2,152.17,81.87,5.73
389,santa maria,32,BR,1551159437,90,-29.69,-53.81,64.1,6.96
390,moa,32,CU,1551159438,81,20.66,-74.95,70.49,7.07
391,dangriga,12,BZ,1551159054,68,16.97,-88.23,75.0,1.99
392,porto novo,32,BR,1551159438,100,-23.68,-45.44,66.8,1.48
393,trat,20,TH,1551159150,52,12.25,102.51,93.0,11.41
394,gravdal,20,NO,1551159437,76,59.79,5.78,48.2,11.41
395,san benito,92,CO,1551159439,92,6.13,-73.51,61.62,2.37
396,luba,48,PH,1551159439,45,17.32,120.7,84.53,4.61
397,talnakh,88,RU,1551159499,83,69.49,88.39,14.87,28.66
398,port arthur,90,US,1551159309,100,29.9,-93.93,53.6,5.82
399,luanda,40,AO,1551153600,88,-8.83,13.24,80.6,4.7
400,khromtau,56,KZ,1551159499,94,50.26,58.44,13.34,4.94
401,coxim,0,BR,1551159499,80,-18.5,-54.75,76.29,6.29
402,teguise,0,ES,1551157200,93,29.06,-13.56,57.2,2.24
403,khatra,56,IN,1551159500,78,22.98,86.85,74.18,5.73
404,binzhou,80,CN,1551159079,33,37.38,117.96,53.01,4.38
405,akureyri,40,IS,1551157200,65,65.68,-18.09,44.6,32.21
406,laranja da terra,8,BR,1551159500,94,-19.9,-41.06,67.65,2.59
407,zwedru,88,LR,1551159500,95,6.07,-8.13,74.31,4.83
408,vilyuysk,48,RU,1551159500,65,63.75,121.63,18.15,9.19
409,lahaina,75,US,1551159369,83,20.87,-156.68,72.0,9.17
410,thunder bay,5,CA,1551159357,63,48.41,-89.26,-4.01,9.17
411,houston,90,US,1551159076,93,29.76,-95.37,57.99,4.7
412,misratah,36,LY,1551159501,100,32.38,15.09,51.99,3.6
413,sokolka,92,RU,1551159501,94,52.46,43.89,26.25,5.95
414,alugan,0,PH,1551159501,85,12.22,125.48,79.62,9.19
415,makakilo city,75,US,1551159322,68,21.35,-158.09,73.4,6.93
416,port keats,0,AU,1551159501,76,-14.25,129.55,93.12,7.29
417,grindavik,90,IS,1551157200,100,63.84,-22.43,44.6,12.75
418,buala,80,SB,1551159503,90,-8.15,159.59,81.96,6.51
419,thompson,5,CA,1551157200,68,55.74,-97.86,-14.81,8.05
420,savelugu,0,GH,1551159503,43,9.63,-0.83,65.22,2.04
421,niltepec,20,MX,1551159503,90,16.57,-94.62,69.5,9.98
422,la ronge,40,CA,1551157200,58,55.1,-105.3,-4.01,8.05
423,kursk,90,RU,1551159060,100,51.74,36.18,33.8,13.42
424,makushino,24,RU,1551159503,90,55.21,67.25,10.82,6.96
425,kodinsk,76,RU,1551159503,60,58.6,99.18,21.3,6.85
426,port hedland,0,AU,1551157200,63,-20.31,118.58,96.8,17.22
427,ierapetra,75,GR,1551159270,87,35.01,25.74,55.0,28.86
428,nelidovo,80,RU,1551159504,94,56.22,32.78,32.15,12.66
429,atar,0,MR,1551159504,33,20.52,-13.05,55.19,8.41
430,sao miguel do tapuio,88,BR,1551159504,98,-5.5,-41.32,69.68,1.36
431,mitsamiouli,40,KM,1551157200,70,-11.38,43.28,87.8,2.24
432,bouca,68,CF,1551159504,98,6.51,18.28,70.71,4.27
433,axim,68,GH,1551159504,97,4.87,-2.24,82.82,13.22
434,mongo,8,CF,1551159505,84,4.83,22.92,76.47,3.04
435,oriximina,88,BR,1551159505,100,-1.77,-55.87,73.5,1.48
436,kiunga,12,PG,1551159505,78,-6.12,141.3,83.45,1.7
437,muros,0,ES,1551159478,81,42.77,-9.06,59.0,4.7
438,ishigaki,40,JP,1551157200,73,24.34,124.16,73.4,16.11
439,pasco,90,US,1551159286,85,46.24,-119.1,27.0,6.93
440,acapulco,5,MX,1551156360,88,16.86,-99.88,77.0,3.38
441,dillon,90,US,1551159161,76,45.22,-112.64,-0.01,13.87
442,linjiang,0,CN,1551159505,66,41.81,126.91,30.17,3.6
443,skelleftea,0,SE,1551159174,89,64.75,20.95,33.8,3.36
444,djambala,92,CG,1551159566,98,-2.55,14.76,68.46,6.17
445,arman,32,RU,1551159566,59,59.7,150.17,3.62,9.75
446,kavaratti,0,IN,1551159566,100,10.57,72.64,82.37,8.41
447,komsomolskiy,8,RU,1551159566,69,67.55,63.78,-2.06,12.88
448,buzmeyin,75,TM,1551157200,70,38.05,58.21,46.4,2.24
449,tianpeng,92,CN,1551159566,100,28.88,112.34,49.7,4.38
450,mindif,44,CM,1551159566,63,10.4,14.44,69.77,2.82
451,maniitsoq,0,GL,1551159566,73,65.42,-52.9,7.67,3.15
452,dingle,0,PH,1551159567,38,11.0,122.67,87.59,12.77
453,calvinia,0,ZA,1551159567,66,-31.47,19.78,56.22,4.16
454,vaitape,48,PF,1551159567,98,-16.52,-151.75,83.94,6.96
455,shirokiy,76,RU,1551159549,94,53.87,39.17,35.01,1.01
456,setermoen,75,NO,1551159128,88,68.86,18.35,33.01,29.97
457,gremyachinsk,64,RU,1551159567,86,58.57,57.83,12.66,9.86
458,atasu,92,KZ,1551159567,95,48.68,71.64,31.07,20.71
459,rundu,0,NA,1551159568,56,-17.91,19.77,73.37,2.93
460,dobson,1,US,1551159521,69,36.4,-80.72,41.0,2.93
461,bolivar,1,US,1551159321,70,35.26,-88.99,45.0,2.93
462,kasongo,20,CD,1551159568,68,-4.43,26.67,77.46,2.93
463,ushtobe,0,KZ,1551159568,71,45.25,77.98,40.34,4.72
464,igrim,92,RU,1551159568,81,63.19,64.42,25.58,8.19
465,bousse,0,FR,1551159541,69,49.28,6.2,41.0,2.24
466,lourdes,0,SV,1551159325,68,13.73,-89.37,78.8,6.93
467,salym,76,RU,1551159569,79,60.06,71.48,23.1,8.75
468,sao jose da coroa grande,36,BR,1551159569,95,-8.9,-35.15,74.67,4.61
469,byron bay,100,AU,1551159524,54,-28.65,153.62,80.6,9.17
470,skibbereen,90,IE,1551157200,100,51.55,-9.27,46.4,5.82
471,starkville,1,US,1551159183,81,33.45,-88.82,50.0,3.38
472,esmeraldas,0,BR,1551157200,83,-19.76,-44.31,73.4,2.24
473,redmond,90,US,1551159449,44,47.67,-122.12,37.99,3.6
474,mlonggo,40,ID,1551155400,55,-6.53,110.7,91.4,11.41
475,otradnoye,90,RU,1551159505,86,59.77,30.8,34.0,8.95
476,sibolga,64,ID,1551159570,82,1.74,98.78,79.26,2.15
477,uporovo,76,RU,1551159570,92,56.31,66.27,14.78,8.41
478,palmerston,90,CA,1551159244,72,43.83,-80.85,16.0,20.8
479,tilichiki,68,RU,1551159570,84,60.47,166.1,23.87,11.43
480,ellisras,76,ZA,1551159570,80,-23.67,27.74,70.71,7.18
481,san rafael,0,AR,1551159571,59,-34.61,-68.33,42.59,3.15
482,eureka,1,US,1551159543,93,40.8,-124.16,43.0,4.7
483,olinda,75,EC,1551159313,88,-2.03,-79.75,80.6,9.17
484,george,20,NG,1551157200,100,6.63,3.35,77.0,2.24
485,rabo de peixe,20,PT,1551159554,71,37.8,-25.58,55.0,25.28
486,saint george,20,GR,1551159208,64,39.45,22.34,37.4,11.41
487,tokur,0,RU,1551159572,47,53.13,132.9,13.79,5.73
488,bahir dar,0,ET,1551159572,44,11.59,37.39,67.7,4.38
489,balikpapan,20,ID,1551157200,70,-1.24,116.86,89.6,14.99
490,porosozero,64,RU,1551159632,83,62.72,32.71,29.49,8.19
491,brooks,76,CA,1551159012,80,50.57,-111.89,-15.0,6.06
492,dakar,0,SN,1551157200,30,14.69,-17.45,68.0,13.87
493,los llanos de aridane,8,ES,1551159129,63,28.66,-17.92,60.8,3.36
494,sur,0,OM,1551159633,95,22.57,59.53,70.44,20.27
495,oshnaviyeh,20,IR,1551157200,64,37.04,45.1,33.8,4.7
496,tigil,12,RU,1551159633,67,57.8,158.67,-5.25,4.38
497,okahandja,76,NA,1551159016,52,-21.98,16.91,70.0,3.36
498,buluang,20,PH,1551157200,61,10.47,123.98,82.4,13.87
499,samarai,0,PG,1551159633,100,-10.62,150.67,82.95,9.19
500,sarankhola,0,BD,1551159633,94,22.31,89.79,78.0,4.72
501,trairi,92,BR,1551159430,100,-3.28,-39.27,80.3,8.63
502,simian,92,CN,1551159634,88,28.63,106.47,52.35,3.04
503,sompeta,0,IN,1551159634,65,18.93,84.6,82.77,3.38
504,half moon bay,90,US,1551159467,71,37.46,-122.43,57.2,17.22
505,pervomayskoye,76,RU,1551159634,88,57.07,86.23,17.03,12.21
506,valdosta,1,US,1551159530,40,30.83,-83.28,54.0,6.62
507,lagunas,56,PE,1551159634,77,-5.23,-75.68,79.49,3.49
508,kayes,0,ML,1551159635,35,14.44,-11.44,58.88,11.21
509,hobyo,8,SO,1551159635,76,5.35,48.53,80.97,17.92
510,novobirilyussy,56,RU,1551159635,79,56.95,90.69,19.32,8.52
511,damghan,0,IR,1551159635,86,36.17,54.34,37.55,0.25
512,voyvozh,92,RU,1551159635,87,62.89,54.96,23.6,7.18
513,cuamba,12,MZ,1551159635,69,-14.8,36.54,75.35,4.16
514,bridge city,90,US,1551159520,100,30.02,-93.85,53.6,5.82
515,matagami,92,NG,1551159635,95,9.67,8.4,66.44,2.93
516,robertsport,76,LR,1551159636,100,6.75,-11.37,80.93,9.42
517,karratha,0,AU,1551159636,22,-20.74,116.85,107.03,8.75
518,beloha,8,MG,1551159636,79,-25.17,45.06,83.22,5.5
519,varkaus,90,FI,1551159604,91,62.32,27.87,32.0,5.82
520,urengoy,88,RU,1551159636,87,65.96,78.37,20.67,24.4
521,aksarka,92,RU,1551159636,87,66.56,67.8,1.82,26.98
522,chara,20,GR,1551159208,64,39.42,22.43,37.4,11.41
523,santa isabel do rio negro,20,BR,1551159459,58,-0.41,-65.02,81.47,6.96
524,denpasar,20,ID,1551157200,74,-8.65,115.22,87.8,11.41
525,port augusta,0,AU,1551159134,38,-32.49,137.76,100.99,20.8
526,juneau,1,US,1551159109,79,58.3,-134.42,32.0,2.93
527,lodwar,0,KE,1551159521,50,3.12,35.6,81.2,2.93
528,sainte-suzanne,0,CH,1551159431,64,47.51,6.77,35.6,3.71
529,odesskoye,44,RU,1551159637,94,54.21,72.97,11.45,5.39
530,markova,0,RU,1551157200,58,52.21,104.21,24.8,6.71
531,verkhoyansk,24,RU,1551159637,82,67.55,133.39,-20.06,3.38
532,abu zabad,20,SD,1551159637,45,12.35,29.25,78.59,2.48
533,celestun,0,MX,1551159637,100,20.87,-90.4,76.88,14.23
534,agadir,0,MA,1551157200,42,30.42,-9.58,48.2,6.93
535,anuradhapura,8,LK,1551159698,63,8.34,80.41,91.1,4.38
536,tiarei,75,PF,1551159192,74,-17.53,-149.33,84.2,6.93
537,goundi,88,TD,1551159698,92,9.36,17.37,71.7,6.62
538,surt,92,LY,1551159698,100,31.21,16.59,53.61,6.96
539,zhigansk,68,RU,1551159698,67,66.77,123.37,-1.38,10.76
540,cururupu,64,BR,1551159698,98,-1.82,-44.87,75.08,4.05
541,naifaru,48,MV,1551159698,100,5.44,73.37,82.37,11.21
542,kruisfontein,8,ZA,1551159698,82,-34.0,24.73,65.45,13.22
543,ukiah,90,US,1551159317,87,39.15,-123.21,54.0,10.29
544,dovers,48,VC,1551159699,100,12.88,-61.18,77.55,20.04
545,marrakesh,0,MA,1551157200,61,31.63,-7.99,50.0,4.7
546,mamakan,76,RU,1551159699,53,57.82,114.02,23.01,5.73
547,san ramon de la nueva oran,88,AR,1551159699,97,-23.13,-64.33,68.24,11.77
548,beringovskiy,88,RU,1551159699,91,63.05,179.32,32.91,33.91
